{"acc":0.837181596822828,"loss":0.24210948193962178,"_timestamp":1.7278598277699113e+09,"_runtime":0.391423632,"_wandb":{"runtime":0},"_step":7}