{"_step":7,"_wandb":{"runtime":0},"acc":0.8857520444630476,"loss":0.10501530454189592,"_timestamp":1.7278598304319437e+09,"_runtime":0.37029054}