{"loss":0.12248318518052997,"_timestamp":1.727859835699193e+09,"_runtime":0.436913068,"_step":7,"_wandb":{"runtime":0},"acc":0.8622751001571024}