{"acc":0.9110663352076427,"loss":0.18074465242585047,"_wandb":{"runtime":0},"_timestamp":1.727859823150046e+09,"_runtime":0.480607695,"_step":7}