{"acc":0.9001136035552232,"loss":0.08595898670475852,"_timestamp":1.7278598330521698e+09,"_runtime":0.416031072,"_wandb":{"runtime":0},"_step":7}